21.0,crypto-sha1,Jia Hui Liang,2017,,,,,,,
21.1,crypto-sha1,Jia Hui Liang,2017,,,,,,,
21.2,crypto-sha1,Jia Hui Liang,2017,,,,,,,
21.3,crypto-sha1,Jia Hui Liang,2017,,,,,,,
21.4,crypto-sha1,Jia Hui Liang,2017,,,,,,,
21.5,crypto-sha1,Jia Hui Liang,2017,,,,,,,
21.6,crypto-sha1,Jia Hui Liang,2017,,,,,,,
21.7,crypto-sha1,Jia Hui Liang,2017,,,,,,,
21.8,crypto-sha1,Jia Hui Liang,2017,,,,,,,
21.9,crypto-sha1,Jia Hui Liang,2017,,,,,,,
22.0,crypto-sha1,Jia Hui Liang,2017,,,,,,,
22.1,crypto-sha1,Jia Hui Liang,2017,,,,,,,
22.2,crypto-sha1,Jia Hui Liang,2017,,,,,,,
22.3,crypto-sha1,Jia Hui Liang,2017,,,,,,,
22.4,crypto-sha1,Jia Hui Liang,2017,,,,,,,
22.5,crypto-sha1,Jia Hui Liang,2017,,,,,,,
22.6,crypto-sha1,Jia Hui Liang,2017,,,,,,,
22.7,crypto-sha1,Jia Hui Liang,2017,,,,,,,
22.8,crypto-sha1,Jia Hui Liang,2017,,,,,,,
22.9,crypto-sha1,Jia Hui Liang,2017,,,,,,,
23.0,crypto-sha1,Jia Hui Liang,2017,,,,,,,
23.1,crypto-sha1,Jia Hui Liang,2017,,,,,,,
23.2,crypto-sha1,Jia Hui Liang,2017,,,,,,,
23.3,crypto-sha1,Jia Hui Liang,2017,,,,,,,
23.4,crypto-sha1,Jia Hui Liang,2017,,,,,,,
23.5,crypto-sha1,Jia Hui Liang,2017,,,,,,,
23.6,crypto-sha1,Jia Hui Liang,2017,,,,,,,
23.7,crypto-sha1,Jia Hui Liang,2017,,,,,,,
23.8,crypto-sha1,Jia Hui Liang,2017,,,,,,,
24.0,crypto-sha1,Jia Hui Liang,2017,,,,,,,
24.1,crypto-sha1,Jia Hui Liang,2017,,,,,,,
24.2,crypto-sha1,Jia Hui Liang,2017,,,,,,,
24.3,crypto-sha1,Jia Hui Liang,2017,,,,,,,
24.4,crypto-sha1,Jia Hui Liang,2017,,,,,,,
24.5,crypto-sha1,Jia Hui Liang,2017,,,,,,,
24.6,crypto-sha1,Jia Hui Liang,2017,,,,,,,
24.7,crypto-sha1,Jia Hui Liang,2017,,,,,,,
24.8,crypto-sha1,Jia Hui Liang,2017,,,,,,,
24.9,crypto-sha1,Jia Hui Liang,2017,,,,,,,
Nb5T06,polymult,Fan Xiao,2017,,,,,,,
Nb5T07,polymult,Fan Xiao,2017,,,,,,,
Nb5T14,polymult,Fan Xiao,2017,,,,,,,
Nb5T15,polymult,Fan Xiao,2017,,,,,,,
Nb5T16,polymult,Fan Xiao,2017,,,,,,,
Nb6T06,polymult,Fan Xiao,2017,,,,,,,
Nb6T07,polymult,Fan Xiao,2017,,,,,,,
Nb6T25,polymult,Fan Xiao,2017,,,,,,,
Nb6T27,polymult,Fan Xiao,2017,,,,,,,
Nb6T28,polymult,Fan Xiao,2017,,,,,,,
Nb6T29,polymult,Fan Xiao,2017,,,,,,,
Nb6T30,polymult,Fan Xiao,2017,,,,,,,
Nb7T07,polymult,Fan Xiao,2017,,,,,,,
Nb7T08,polymult,Fan Xiao,2017,,,,,,,
Nb7T42,polymult,Fan Xiao,2017,,,,,,,
Nb7T43,polymult,Fan Xiao,2017,,,,,,,
Nb7T44,polymult,Fan Xiao,2017,,,,,,,
Nb7T45,polymult,Fan Xiao,2017,,,,,,,
Nb7T46,polymult,Fan Xiao,2017,,,,,,,
E00N23,2d-strip-packing,Daniel Le Berre,2016,2013,2011,,,,,
E02F22,2d-strip-packing,Daniel Le Berre,2016,2015,2014,2013,2012,2011,,
korf-18,2d-strip-packing,Daniel Le Berre,2016,2014,2012,2011,,,,
q_query_3_L200_coli.sat,bio,Fabien Corblin,2016,2015,2014,2012,2009,,,
ndhf_xits_09_UNSAT,bio,Maria Luisa Bonet,2016,2009,,,,,,
ndhf_xits_17_UNKNOWN,bio,Maria Luisa Bonet,2016,2009,,,,,,
rbcl_xits_09_UNKNOWN,bio,Maria Luisa Bonet,2016,2011,2009,,,,,
rbcl_xits_11_UNKNOWN,bio,Maria Luisa Bonet,2016,2009,,,,,,
rbcl_xits_13_UNKNOWN,bio,Maria Luisa Bonet,2016,2009,,,,,,
rpoc_xits_08_UNSAT,bio,Maria Luisa Bonet,2016,2012,2010,2009,,,,
rpoc_xits_09_UNSAT,bio,Maria Luisa Bonet,2016,2011,2009,,,,,
rpoc_xits_10_UNKNOWN,bio,Maria Luisa Bonet,2016,2009,,,,,,
rpoc_xits_11_UNKNOWN,bio,Maria Luisa Bonet,2016,2009,,,,,,
rpoc_xits_14_UNKNOWN,bio,Maria Luisa Bonet,2016,2009,,,,,,
servers_slapd_a_vc149923,bitvector,Matti Jarvisalo,2016,,,,,,,
add_01_1000_4.smt2-cvc4,bitvector,Norbert Manthey,2016,,,,,,,
div2.c.20.smt2-stp212,bitvector,Norbert Manthey,2016,,,,,,,
e2_1.c.smt2-stp212,bitvector,Norbert Manthey,2016,,,,,,,
e2_2.c.smt2-cvc4,bitvector,Norbert Manthey,2016,,,,,,,
e2a_2.c.smt2-cvc4,bitvector,Norbert Manthey,2016,,,,,,,
gaussian.c.75.smt2-cvc4,bitvector,Norbert Manthey,2016,,,,,,,
mul_03_3000_1.smt2-cvc4,bitvector,Norbert Manthey,2016,,,,,,,
mult1.c.50.smt2-cvc4,bitvector,Norbert Manthey,2017,,,,,,,
newton.2.2.i.smt2-cvc4,bitvector,Norbert Manthey,2016,,,,,,,
newton.2.3.i.smt2-cvc4,bitvector,Norbert Manthey,2016,,,,,,,
newton.2.3.i.smt2-stp212,bitvector,Norbert Manthey,2016,,,,,,,
newton.3.3.i.smt2-stp212,bitvector,Norbert Manthey,2016,,,,,,,
newton.4.3.i.smt2-stp212,bitvector,Norbert Manthey,2016,,,,,,,
newton.5.1.i.smt2-cvc4,bitvector,Norbert Manthey,2016,,,,,,,
newton.8.3.i.smt2-cvc4,bitvector,Norbert Manthey,2017,,,,,,,
qurt.c.20.smt2-cvc4,bitvector,Norbert Manthey,2016,,,,,,,
sin2.c.20.smt2-cvc4,bitvector,Norbert Manthey,2016,,,,,,,
sin2.c.2.smt2-cvc4,bitvector,Norbert Manthey,2016,,,,,,,
sin.c.75.smt2-cvc4,bitvector,Norbert Manthey,2016,,,,,,,
square.2.0.i.smt2-cvc4,bitvector,Norbert Manthey,2016,,,,,,,
Sz1024_34824.smt2-stp212,bitvector,Norbert Manthey,2016,,,,,,,
Sz512_15127_1.smt2-stp212,bitvector,Norbert Manthey,2016,,,,,,,
Sz512_15127_3.smt2-cvc4,bitvector,Norbert Manthey,2016,,,,,,,
Sz512_15127_4.smt2-cvc4,bitvector,Norbert Manthey,2016,,,,,,,
Sz512_15127_5.smt2-stp212,bitvector,Norbert Manthey,2016,,,,,,,
Sz512_15127_6.smt2-stp212,bitvector,Norbert Manthey,2016,,,,,,,
Sz512_15128_0.smt2-stp212,bitvector,Norbert Manthey,2016,,,,,,,
Sz512_15128_1.smt2-cvc4,bitvector,Norbert Manthey,2017,2016,,,,,,
test_v3_r3_vr10_c1_s24300.smt2-stp212,bitvector,Norbert Manthey,2016,,,,,,,
test_v3_r8_vr5_c1_s8257.smt2-stp212,bitvector,Norbert Manthey,2016,,,,,,,
test_v5_r10_vr10_c1_s21502.smt2-cvc4,bitvector,Norbert Manthey,2017,,,,,,,
test_v5_r5_vr1_c1_s15604.smt2-stp212,bitvector,Norbert Manthey,2016,,,,,,,
test_v7_r12_vr10_c1_s18160.smt2-cvc4,bitvector,Norbert Manthey,2016,,,,,,,
test_v7_r12_vr10_c1_s18160.smt2-stp212,bitvector,Norbert Manthey,2016,,,,,,,
test_v7_r12_vr1_c1_s22787.smt2-cvc4,bitvector,Norbert Manthey,2016,,,,,,,
test_v7_r17_vr10_c1_s3680.smt2-stp212,bitvector,Norbert Manthey,2016,,,,,,,
test_v7_r17_vr1_c1_s30331.smt2-stp212,bitvector,Norbert Manthey,2016,,,,,,,
test_v7_r17_vr5_c1_s25451.smt2-cvc4,bitvector,Norbert Manthey,2016,,,,,,,
test_v7_r17_vr5_c1_s2807.smt2-stp212,bitvector,Norbert Manthey,2016,,,,,,,
test_v7_r7_vr10_c1_s32506.smt2-cvc4,bitvector,Norbert Manthey,2016,,,,,,,
test_v7_r7_vr5_c1_s14675.smt2-cvc4,bitvector,Norbert Manthey,2017,,,,,,,
uum16.smt2-cvc4,bitvector,Norbert Manthey,2016,,,,,,,
uum8.smt2-stp212,bitvector,Norbert Manthey,2016,,,,,,,
countbitsarray04_32,bitvector,Robert Brummayer,2016,2011,,,,,,
countbitssrl128,bitvector,Robert Brummayer,2016,2009,,,,,,
maxor128,bitvector,Robert Brummayer,2016,2015,2014,2013,2012,2011,2009,
maxxororand032,bitvector,Robert Brummayer,2016,2012,2009,,,,,
minxorminand128,bitvector,Robert Brummayer,2016,2013,2012,2011,2010,2009,,
mulhs016,bitvector,Robert Brummayer,2016,2011,2009,,,,,
mulhs032,bitvector,Robert Brummayer,2016,2009,,,,,,
mulhs064,bitvector,Robert Brummayer,2016,,,,,,,
smulo128,bitvector,Robert Brummayer,2016,2009,,,,,,
abb313GPIA-9-c.used-as.sat04-317,coloring,Allen Van Gelder,2016,2012,2011,,,,,
g250.29,coloring,David Johnson,2016,,,,,,,
pb_400_02_lb_15,coloring,Valentin Mayer-Eichberger,2016,2013,,,,,,
modgen-n200-m90860q08c40-1006,community,Jesus Giraldez-Cru,2016,,,,,,,
modgen-n200-m90860q08c40-11953,community,Jesus Giraldez-Cru,2016,,,,,,,
modgen-n200-m90860q08c40-12992,community,Jesus Giraldez-Cru,2016,,,,,,,
modgen-n200-m90860q08c40-13698,community,Jesus Giraldez-Cru,2017,2016,,,,,,
modgen-n200-m90860q08c40-13845,community,Jesus Giraldez-Cru,2016,,,,,,,
modgen-n200-m90860q08c40-1434,community,Jesus Giraldez-Cru,2016,,,,,,,
modgen-n200-m90860q08c40-14424,community,Jesus Giraldez-Cru,2016,,,,,,,
modgen-n200-m90860q08c40-14808,community,Jesus Giraldez-Cru,2016,,,,,,,
modgen-n200-m90860q08c40-15163,community,Jesus Giraldez-Cru,2016,,,,,,,
modgen-n200-m90860q08c40-15606,community,Jesus Giraldez-Cru,2016,,,,,,,
modgen-n200-m90860q08c40-1585,community,Jesus Giraldez-Cru,2016,,,,,,,
modgen-n200-m90860q08c40-16597,community,Jesus Giraldez-Cru,2016,,,,,,,
modgen-n200-m90860q08c40-1876,community,Jesus Giraldez-Cru,2016,,,,,,,
modgen-n200-m90860q08c40-18788,community,Jesus Giraldez-Cru,2016,,,,,,,
modgen-n200-m90860q08c40-18972,community,Jesus Giraldez-Cru,2016,,,,,,,
modgen-n200-m90860q08c40-19419,community,Jesus Giraldez-Cru,2016,,,,,,,
modgen-n200-m90860q08c40-2087,community,Jesus Giraldez-Cru,2016,,,,,,,
modgen-n200-m90860q08c40-21438,community,Jesus Giraldez-Cru,2016,,,,,,,
modgen-n200-m90860q08c40-22556,community,Jesus Giraldez-Cru,2016,,,,,,,
modgen-n200-m90860q08c40-25297,community,Jesus Giraldez-Cru,2016,,,,,,,
modgen-n200-m90860q08c40-28046,community,Jesus Giraldez-Cru,2016,,,,,,,
modgen-n200-m90860q08c40-29020,community,Jesus Giraldez-Cru,2016,,,,,,,
modgen-n200-m90860q08c40-3230,community,Jesus Giraldez-Cru,2017,2016,,,,,,
modgen-n200-m90860q08c40-3866,community,Jesus Giraldez-Cru,2016,,,,,,,
modgen-n200-m90860q08c40-4208,community,Jesus Giraldez-Cru,2016,,,,,,,
modgen-n200-m90860q08c40-5377,community,Jesus Giraldez-Cru,2016,,,,,,,
modgen-n200-m90860q08c40-6295,community,Jesus Giraldez-Cru,2016,,,,,,,
modgen-n200-m90860q08c40-6336,community,Jesus Giraldez-Cru,2016,,,,,,,
modgen-n200-m90860q08c40-6967,community,Jesus Giraldez-Cru,2017,2016,,,,,,
modgen-n200-m90860q08c40-9056,community,Jesus Giraldez-Cru,2016,,,,,,,
modgen-n200-m90860q08c40-16823,community,Jesuse Giraldez-Cru,2017,,,,,,,
modgen-n200-m90860q08c40-29667,community,Jesuse Giraldez-Cru,2017,,,,,,,
C168_FW_UT_518,configuration,Carsten Sinz,2016,,,,,,,
par32-1-c,crafted,James Crawford,2016,,,,,,,
par32-3-c,crafted,James Crawford,2016,,,,,,,
slp-synthesis-aes-top21,crypto-aes,Carsten Fuhs,2016,2011,,,,,,
slp-synthesis-aes-top23,crypto-aes,Carsten Fuhs,2016,2011,,,,,,
slp-synthesis-aes-top24,crypto-aes,Carsten Fuhs,2017,2012,2011,,,,,
slp-synthesis-aes-top25,crypto-aes,Carsten Fuhs,2017,2013,2011,,,,,
slp-synthesis-aes-top26,crypto-aes,Carsten Fuhs,2017,2016,2013,2012,2011,,,
slp-synthesis-aes-top28,crypto-aes,Carsten Fuhs,2017,2014,2012,2011,,,,
slp-synthesis-aes-top29,crypto-aes,Carsten Fuhs,2017,2014,2011,,,,,
slp-synthesis-aes-top30,crypto-aes,Carsten Fuhs,2017,2012,2011,,,,,
aes_32_3_keyfind_2,crypto-aes,Oliver Kullmann,2016,2013,2012,,,,,
aes_32_5_keyfind_1,crypto-aes,Oliver Kullmann,2016,2011,,,,,,
aes_64_2_keyfind_1,crypto-aes,Oliver Kullmann,2016,2011,,,,,,
aes_64_3_keyfind_1,crypto-aes,Oliver Kullmann,2016,2011,,,,,,
arcfour_initialPermutation_5_32,crypto-cec,Marijn Heule,2016,2013,,,,,,
arcfour_initialPermutation_6_14,crypto-cec,Marijn Heule,2016,2013,,,,,,
miza-sr06-md5-48-01,crypto-des,Ilya Mironov,2016,2006,,,,,,
mizh-md5-47-3,crypto-des,Ilya Mironov,2017,2016,2009,2008,2007,2006,,
mizh-md5-47-5,crypto-des,Ilya Mironov,2017,2008,2007,2006,,,,
mizh-md5-48-2,crypto-des,Ilya Mironov,2017,2008,2007,2006,,,,
mizh-md5-48-5,crypto-des,Ilya Mironov,2017,2009,2008,2007,2006,,,
gss-20-s100,crypto-des,Milan Sesum,2016,2014,2013,2012,2010,2009,,
gss-22-s100,crypto-des,Milan Sesum,2017,2015,2014,2013,2012,2011,2009,
gss-24-s100,crypto-des,Milan Sesum,2017,2016,2014,2013,2012,2009,,
gss-26-s100,crypto-des,Milan Sesum,2017,2016,2009,,,,,
gss-27-s100,crypto-des,Milan Sesum,2016,2011,2009,,,,,
gss-28-s100,crypto-des,Milan Sesum,2017,2016,2009,,,,,
gss-29-s100,crypto-des,Milan Sesum,2016,,,,,,,
gss-30-s100,crypto-des,Milan Sesum,2017,,,,,,,
gss-32-s100,crypto-des,Milan Sesum,2017,2009,,,,,,
gss-34-s100,crypto-des,Milan Sesum,2017,2009,,,,,,
gss-36-s100,crypto-des,Milan Sesum,2017,,,,,,,
gss-38-s100,crypto-des,Milan Sesum,2017,,,,,,,
gss-40-s100,crypto-des,Milan Sesum,2017,,,,,,,
gus-md5-10,crypto-des,Milan Sesum,2016,2012,2010,2009,,,,
gus-md5-12,crypto-des,Milan Sesum,2016,2011,,,,,,
hitag2-8-60-0-0xb2021557d918860-94,crypto-gos,Mate Soos,2016,2013,,,,,,
ACG-15-10p1,diagnosis,Anbulagan,2017,,,,,,,
ACG-20-10p0,diagnosis,Anbulagan,2016,2012,2009,,,,,
ACG-20-10p1,diagnosis,Anbulagan,2017,,,,,,,
ACG-20-5p1,diagnosis,Anbulagan,2017,2016,2014,2013,2012,2009,,
UCG-15-10p1,diagnosis,Anbulagan,2017,2015,2014,2013,2012,2011,2009,
UCG-20-10p1,diagnosis,Anbulagan,2017,2015,2014,2012,2010,2009,,
UCG-20-5p1,diagnosis,Anbulagan,2017,2016,2015,2014,2012,2011,2009,
UR-15-10p0,diagnosis,Anbulagan,2016,2014,2013,2012,2009,,,
UR-20-10p1,diagnosis,Anbulagan,2017,2014,2013,2011,2009,,,
UR-20-5p1,diagnosis,Anbulagan,2017,2013,2012,2009,,,,
UTI-20-10p1,diagnosis,Anbulagan,2017,2016,2015,2014,2013,2012,2011,2009
UTI-20-5p1,diagnosis,Anbulagan,2017,2016,2015,2014,2013,2012,2009,
dated-10-19-u,diagnosis,Anbulagan,2016,2010,2009,2007,,,,
partial-10-13-u,diagnosis,Anbulagan,2016,2009,2007,,,,,
partial-10-15-s,diagnosis,Anbulagan,2016,2012,2011,2009,2008,2007,,
partial-10-19-s,diagnosis,Anbulagan,2016,2013,2012,2007,,,,
partial-10-19-u,diagnosis,Anbulagan,2016,2012,2009,2007,,,,
partial-5-11-u,diagnosis,Anbulagan,2016,2011,2009,2007,,,,
partial-5-15-u,diagnosis,Anbulagan,2016,2009,2007,,,,,
partial-5-17-u,diagnosis,Anbulagan,2016,2010,2009,2007,,,,
partial-5-19-u,diagnosis,Anbulagan,2016,2007,,,,,,
total-10-13-u,diagnosis,Anbulagan,2016,2014,2012,2009,2007,,,
total-10-19-u,diagnosis,Anbulagan,2016,2009,2007,,,,,
total-5-17-u,diagnosis,Anbulagan,2016,2009,2007,,,,,
homer17,fpga-routing,Fadi Aloul,2016,2012,2011,,,,,
ibm-2002-23r-k90,hardware-bmc,Emanuel Zarpas,2016,2008,,,,,,
schup-l2s-bc56s-1-k391,hardware-bmc,Viktor Schuppan,2016,2012,2009,2008,,,,
valves-gates-1-k617-unsat,hardware-bmc,Viktor Schuppan,2016,2012,2011,,,,,
ablmulub16x4o,hardware-cec,Armin Biere,2016,,,,,,,
ablmulub2x32o,hardware-cec,Armin Biere,2016,,,,,,,
ablmulub8x16o,hardware-cec,Armin Biere,2016,,,,,,,
ak016modbtsimpbisc,hardware-cec,Armin Biere,2016,,,,,,,
ak032diagodiagoisc,hardware-cec,Armin Biere,2016,,,,,,,
ak032modbtmodbtisc,hardware-cec,Armin Biere,2016,,,,,,,
ak032modbtsimpbisc,hardware-cec,Armin Biere,2016,,,,,,,
ak064boothboothisc,hardware-cec,Armin Biere,2016,,,,,,,
ak064diagodiagoisc,hardware-cec,Armin Biere,2016,,,,,,,
ak064modasbg2asisc,hardware-cec,Armin Biere,2016,,,,,,,
ak064modbtmodbtisc,hardware-cec,Armin Biere,2016,,,,,,,
ak064paralbg2btaig,hardware-cec,Armin Biere,2016,,,,,,,
ak064paralparalisc,hardware-cec,Armin Biere,2016,,,,,,,
ak064simpbbg2btaig,hardware-cec,Armin Biere,2016,,,,,,,
ak128astepbg2msaig,hardware-cec,Armin Biere,2017,2016,,,,,,
ak128boothbg2btisc,hardware-cec,Armin Biere,2016,,,,,,,
ak128boothboothisc,hardware-cec,Armin Biere,2017,2016,,,,,,
ak128diagobg2asaig,hardware-cec,Armin Biere,2017,2016,,,,,,
ak128modasbg2asisc,hardware-cec,Armin Biere,2016,,,,,,,
ak128modbtbg2msisc,hardware-cec,Armin Biere,2017,2016,,,,,,
ak128paralbg2msisc,hardware-cec,Armin Biere,2016,,,,,,,
ak128paralparalisc,hardware-cec,Armin Biere,2017,2016,,,,,,
ak128simpbbg2msisc,hardware-cec,Armin Biere,2016,,,,,,,
ak128astepbg1btisc,hardware-cec,Armin Biere,2017,,,,,,,
ak128astepbg2asisc,hardware-cec,Armin Biere,2017,,,,,,,
ak128astepbg2msisc,hardware-cec,Armin Biere,2017,,,,,,,
ak128astepmodasaig,hardware-cec,Armin Biere,2017,,,,,,,
ak128astepmodbtisc,hardware-cec,Armin Biere,2017,,,,,,,
ak128boothbg1btisc,hardware-cec,Armin Biere,2017,,,,,,,
ak128boothbg2asisc,hardware-cec,Armin Biere,2017,,,,,,,
ak128boothbg2msaig,hardware-cec,Armin Biere,2017,,,,,,,
ak128boothbg2msisc,hardware-cec,Armin Biere,2017,,,,,,,
ak128boothdiagoaig,hardware-cec,Armin Biere,2017,,,,,,,
ak128boothmodasaig,hardware-cec,Armin Biere,2017,,,,,,,
ak128diagobg1btaig,hardware-cec,Armin Biere,2017,,,,,,,
ak128diagodiagoisc,hardware-cec,Armin Biere,2017,,,,,,,
ak128modasbg1msisc,hardware-cec,Armin Biere,2017,,,,,,,
ak128modasbg1sbisc,hardware-cec,Armin Biere,2017,,,,,,,
ak128modasmodasisc,hardware-cec,Armin Biere,2017,,,,,,,
ak128modbtbg1asaig,hardware-cec,Armin Biere,2017,,,,,,,
ak128modbtbg1asisc,hardware-cec,Armin Biere,2017,,,,,,,
ak128modbtbg1btaig,hardware-cec,Armin Biere,2017,,,,,,,
ak128modbtsimpbaig,hardware-cec,Armin Biere,2017,,,,,,,
ak128paralbg1sbisc,hardware-cec,Armin Biere,2017,,,,,,,
ak128paralbg2asaig,hardware-cec,Armin Biere,2017,,,,,,,
ak128paralsimpbaig,hardware-cec,Armin Biere,2017,,,,,,,
ak128simpbbg1sbisc,hardware-cec,Armin Biere,2017,,,,,,,
ak128simpbbg2asaig,hardware-cec,Armin Biere,2017,,,,,,,
custmulsb2x32o,hardware-cec,Armin Biere,2016,,,,,,,
custmulun16x16o,hardware-cec,Armin Biere,2016,,,,,,,
k2mul.miter,hardware-cec,Eugene Goldberg,2016,2012,2011,,,,,
am_7_7.shuffled-as.sat03-363,hardware-cec,James Kukula,2016,2011,,,,,,
am_9_9,hardware-cec,James Kukula,2016,,,,,,,
eq.atree.braun.11.unsat,hardware-cec,Matti Jarvisalo,2016,2012,2011,2009,2007,,,
eq.atree.braun.12.unsat,hardware-cec,Matti Jarvisalo,2016,2011,2010,2009,2007,,,
eq.atree.braun.13.unsat,hardware-cec,Matti Jarvisalo,2016,2009,2007,,,,,
sat_prob_143,hardware-cec,Vareriy Balabanov,2016,,,,,,,
sat_prob_23,hardware-cec,Vareriy Balabanov,2016,,,,,,,
sat_prob_3,hardware-cec,Vareriy Balabanov,2016,,,,,,,
sat_prob_63,hardware-cec,Vareriy Balabanov,2016,,,,,,,
sat_prob_83,hardware-cec,Vareriy Balabanov,2016,,,,,,,
li-exam-61,hardware-synthesis,R. Li,2016,2011,,,,,,
li-exam-61.shuffled-as.sat03-366,hardware-synthesis,R. Li,2016,2011,,,,,,
li-exam-62,hardware-synthesis,R. Li,2016,,,,,,,
li-exam-63,hardware-synthesis,R. Li,2016,,,,,,,
li-test4-100,hardware-synthesis,R. Li,2016,2011,,,,,,
li-test4-95,hardware-synthesis,R. Li,2016,,,,,,,
li-test4-96,hardware-synthesis,R. Li,2016,,,,,,,
li-test4-98,hardware-synthesis,R. Li,2016,,,,,,,
li-test4-99,hardware-synthesis,R. Li,2016,,,,,,,
10pipe_k,hardware-velev,Miroslav Velev,2016,2013,2012,,,,,
14pipe_q0_k,hardware-velev,Miroslav Velev,2016,2014,2012,,,,,
16pipe_16_ooo,hardware-velev,Miroslav Velev,2016,2010,,,,,,
1dlx_c_iq57_a,hardware-velev,Miroslav Velev,2016,2012,2011,2010,,,,
9dlx_vliw_at_b_iq4.used-as.sat04-345,hardware-velev,Miroslav Velev,2016,,,,,,,
9dlx_vliw_at_b_iq8.used-as.sat04-718,hardware-velev,Miroslav Velev,2016,2015,2014,2012,2011,,,
9dlx_vliw_at_b_iq9.used-as.sat04-719,hardware-velev,Miroslav Velev,2016,2011,,,,,,
velev-pipe-oun-1.1-05,hardware-velev,Miroslav Velev,2016,2006,,,,,,
velev-vliw-uns-2.0-uq5,hardware-velev,Miroslav Velev,2016,2015,2014,2012,2008,,,
sncf_model_ixl_bmc_depth_07,interlocking,Damien Ledoux,2016,,,,,,,
sncf_model_ixl_bmc_depth_08,interlocking,Damien Ledoux,2016,,,,,,,
sncf_model_ixl_bmc_depth_09,interlocking,Damien Ledoux,2016,,,,,,,
sncf_model_ixl_bmc_depth_10,interlocking,Damien Ledoux,2016,,,,,,,
sncf_model_ixl_bmc_depth_11,interlocking,Damien Ledoux,2016,,,,,,,
sncf_model_ixl_bmc_depth_12,interlocking,Damien Ledoux,2016,,,,,,,
sncf_model_ixl_bmc_depth_13,interlocking,Damien Ledoux,2016,,,,,,,
sncf_model_ixl_bmc_depth_15,interlocking,Damien Ledoux,2016,,,,,,,
gripper14u,planning,Frederic Maris,2016,,,,,,,
cube-11-h13-unsat,planning,Hector Palacios,2016,2012,2009,2007,,,,
safe-30-h29-unsat,planning,Hector Palacios,2016,2009,2007,,,,,
sortnet-7-ipc5-h15-unsat,planning,Hector Palacios,2016,2011,2009,2007,,,,
sortnet-8-ipc5-h18-unsat,planning,Hector Palacios,2016,2009,2007,,,,,
openstacks-sequencedstrips-nonadl-nonnegated-os-sequencedstrips-p30_1.035-NOTKNOWN,planning,Jussi Rintanen,2016,2011,,,,,,
openstacks-sequencedstrips-nonadl-nonnegated-os-sequencedstrips-p30_3.045-NOTKNOWN,planning,Jussi Rintanen,2016,2011,,,,,,
transport-transport-city-sequential-35nodes-1000size-4degree-100mindistance-4trucks-14packages-2008seed.020-NOTKNOWN,planning,Jussi Rintanen,2016,2013,2012,,,,,
transport-transport-city-sequential-35nodes-1000size-4degree-100mindistance-4trucks-14packages-2008seed.050-SAT,planning,Jussi Rintanen,2016,2011,,,,,,
transport-transport-three-cities-sequential-14nodes-1000size-4degree-100mindistance-4trucks-14packages-2008seed.040-NOTKNOWN,planning,Jussi Rintanen,2016,2011,,,,,,
transport-transport-two-cities-sequential-15nodes-1000size-3degree-100mindistance-3trucks-10packages-2008seed.020-NOTKNOWN,planning,Jussi Rintanen,2016,2013,2012,,,,,
transport-transport-two-cities-sequential-15nodes-1000size-3degree-100mindistance-3trucks-10packages-2008seed.040-SAT,planning,Jussi Rintanen,2016,2013,2012,2011,,,,
barman-pfile06-022.sas.ex.7,planning,Tomas Balyo,2016,,,,,,,
barman-pfile07-027.sas.cr.37,planning,Tomas Balyo,2016,,,,,,,
barman-pfile07-028.sas.ex.15,planning,Tomas Balyo,2016,,,,,,,
barman-pfile08-030.sas.cr.27,planning,Tomas Balyo,2016,,,,,,,
barman-pfile08-032.sas.ex.15,planning,Tomas Balyo,2016,,,,,,,
barman-pfile08-032.sas.ex.7,planning,Tomas Balyo,2016,,,,,,,
barman-pfile09-036.sas.cr.33,planning,Tomas Balyo,2016,,,,,,,
barman-pfile10-037.sas.ex.7,planning,Tomas Balyo,2016,,,,,,,
barman-pfile10-038.sas.cr.25,planning,Tomas Balyo,2016,,,,,,,
barman-pfile10-038.sas.ex.15,planning,Tomas Balyo,2016,,,,,,,
barman-pfile10-039.sas.ex.15,planning,Tomas Balyo,2016,,,,,,,
barman-pfile10-040.sas.cr.17,planning,Tomas Balyo,2016,,,,,,,
barman-pfile10-040.sas.cr.21,planning,Tomas Balyo,2016,,,,,,,
barman-pfile10-040.sas.ex.15,planning,Tomas Balyo,2016,,,,,,,
sokoban-p01.sas.ex.17,planning,Tomas Balyo,2016,,,,,,,
sokoban-p04.sas.ex.13,planning,Tomas Balyo,2016,,,,,,,
sokoban-p09.sas.cr.25,planning,Tomas Balyo,2016,,,,,,,
sokoban-p10.sas.cr.35,planning,Tomas Balyo,2016,,,,,,,
sokoban-p16.sas.cr.37,planning,Tomas Balyo,2016,,,,,,,
sokoban-p16.sas.cr.39,planning,Tomas Balyo,2016,,,,,,,
sokoban-p16.sas.ex.15,planning,Tomas Balyo,2016,,,,,,,
sokoban-p16.sas.ex.17,planning,Tomas Balyo,2016,,,,,,,
sokoban-p16.sas.ex.19,planning,Tomas Balyo,2016,,,,,,,
sokoban-p16.sas.ex.21,planning,Tomas Balyo,2016,,,,,,,
sokoban-p16.sas.ex.23,planning,Tomas Balyo,2016,,,,,,,
sokoban-p17.sas.ex.11,planning,Tomas Balyo,2016,,,,,,,
sokoban-p18.sas.cr.29,planning,Tomas Balyo,2016,,,,,,,
sokoban-p19.sas.cr.23,planning,Tomas Balyo,2016,,,,,,,
sokoban-p20.sas.cr.21,planning,Tomas Balyo,2016,,,,,,,
sokoban-p20.sas.cr.23,planning,Tomas Balyo,2016,,,,,,,
sokoban-p20.sas.cr.25,planning,Tomas Balyo,2016,,,,,,,
sokoban-p20.sas.cr.27,planning,Tomas Balyo,2016,,,,,,,
sokoban-p20.sas.cr.29,planning,Tomas Balyo,2016,,,,,,,
sokoban-p20.sas.cr.31,planning,Tomas Balyo,2016,,,,,,,
sokoban-p20.sas.cr.33,planning,Tomas Balyo,2016,,,,,,,
sokoban-p20.sas.cr.35,planning,Tomas Balyo,2016,,,,,,,
sokoban-p20.sas.cr.37,planning,Tomas Balyo,2016,,,,,,,
sokoban-p20.sas.cr.39,planning,Tomas Balyo,2016,,,,,,,
sokoban-p20.sas.ex.11,planning,Tomas Balyo,2016,,,,,,,
sokoban-p20.sas.ex.13,planning,Tomas Balyo,2016,,,,,,,
sokoban-p20.sas.ex.15,planning,Tomas Balyo,2016,,,,,,,
sokoban-p20.sas.ex.17,planning,Tomas Balyo,2016,,,,,,,
sokoban-p20.sas.ex.19,planning,Tomas Balyo,2016,,,,,,,
sokoban-p20.sas.ex.21,planning,Tomas Balyo,2016,,,,,,,
sokoban-p20.sas.ex.23,planning,Tomas Balyo,2016,,,,,,,
sokoban-sequential-p145-microban-sequential.050-NOTKNOWN,planning,Tomas Balyo,2016,2011,,,,,,
sokoban-sequential-p145-microban-sequential.070-NOTKNOWN,planning,Tomas Balyo,2016,2011,,,,,,
f1000,random,Bart Selman,2016,,,,,,,
f600,random,Bart Selman,2016,2013,2012,2011,,,,
traffic_3_uc_sat,scheduling,Norbert Manthey,2016,2012,2011,,,,,
ctl_3791_556_unsat,scheduling-pesp,Michael Kummling,2016,2014,2013,,,,,
ctl_4291_567_8_unsat,scheduling-pesp,Michael Kummling,2016,2013,,,,,,
k_unsat,scheduling-pesp,Michael Kummling,2016,2013,,,,,,
smtlib-qfbv-aigs-VS3-benchmark-S2-tseitin,software-bit-verif,Matti Jarvisalo,2016,2011,,,,,,
esawn_uw3.debugged,software-bmc,Frank Werner,2016,2014,2013,2012,,,,
26_stack_cas_longest_true-unreach-call.i-cbmc-u2,software-bmc,Norbert Manthey,2016,,,,,,,
mix034_rmo.opt_false-unreach-call.i-cbmc-u2,software-bmc,Norbert Manthey,2016,,,,,,,
podwr001_power.opt_false-unreach-call.i-cbmc-u2,software-bmc,Norbert Manthey,2016,,,,,,,
safe009_pso.oepc_true-unreach-call.i-cbmc-u2,software-bmc,Norbert Manthey,2016,,,,,,,
safe027_pso.opt_true-unreach-call.i-cbmc-u2,software-bmc,Norbert Manthey,2016,,,,,,,
safe028_tso.oepc_true-unreach-call.i-cbmc-u2,software-bmc,Norbert Manthey,2016,,,,,,,
safe029_power.opt_false-unreach-call.i-cbmc-u2,software-bmc,Norbert Manthey,2016,,,,,,,
snw_13_8_CCSEncnopre,sorting-networks,Thorsten Ehlers,2016,,,,,,,
snw_13_8_CCSpreOptEncpre,sorting-networks,Thorsten Ehlers,2016,,,,,,,
snw_13_8_CCSpreOptnopre,sorting-networks,Thorsten Ehlers,2016,,,,,,,
snw_13_8_CCSpreOptpre,sorting-networks,Thorsten Ehlers,2016,,,,,,,
snw_13_8_pre,sorting-networks,Thorsten Ehlers,2016,,,,,,,
snw_13_9_CCSEncpre,sorting-networks,Thorsten Ehlers,2016,,,,,,,
snw_13_9_CCSpre,sorting-networks,Thorsten Ehlers,2016,,,,,,,
snw_13_9_Encpre,sorting-networks,Thorsten Ehlers,2016,,,,,,,
snw_13_9_pre,sorting-networks,Thorsten Ehlers,2016,,,,,,,
snw_13_9_preOpt_pre,sorting-networks,Thorsten Ehlers,2016,,,,,,,
snw_13_9_preOptEncpre,sorting-networks,Thorsten Ehlers,2016,,,,,,,
snw_16_8_nopre,sorting-networks,Thorsten Ehlers,2016,,,,,,,
snw_16_8_pre,sorting-networks,Thorsten Ehlers,2016,,,,,,,
snw_16_8_preOpt_pre,sorting-networks,Thorsten Ehlers,2016,,,,,,,
snw_16_9_CCSpre,sorting-networks,Thorsten Ehlers,2016,,,,,,,
snw_16_9_CCSpreOptpre,sorting-networks,Thorsten Ehlers,2016,,,,,,,
snw_16_9_Encpre,sorting-networks,Thorsten Ehlers,2016,,,,,,,
snw_16_9_pre,sorting-networks,Thorsten Ehlers,2016,,,,,,,
snw_16_9_preOpt_pre,sorting-networks,Thorsten Ehlers,2016,,,,,,,
snw_16_9_preOptEncpre,sorting-networks,Thorsten Ehlers,2016,,,,,,,
snw_17_9_CCSpreOptEncpre,sorting-networks,Thorsten Ehlers,2016,,,,,,,
AProVE07-25,termination,Carsten Fuhs,2016,2009,2007,,,,,
AProVE11-06,termination,Carsten Fuhs,2016,2012,2011,,,,,
blockpuzzle_5x10_s2_free5,puzzle,Alexander van der Grinten,2017,,,,,,,
blockpuzzle_5x10_s3_free4,puzzle,Alexander van der Grinten,2017,,,,,,,
blockpuzzle_5x10_s5_free3,puzzle,Alexander van der Grinten,2017,,,,,,,
blockpuzzle_5x10_s7_free4,puzzle,Alexander van der Grinten,2017,,,,,,,
blockpuzzle_5x10_s8_free3,puzzle,Alexander van der Grinten,2017,,,,,,,
blockpuzzle_5x12_s6_free3,puzzle,Alexander van der Grinten,2017,,,,,,,
blockpuzzle_7x10_s10_free4,puzzle,Alexander van der Grinten,2017,,,,,,,
blockpuzzle_7x10_s7_free8,puzzle,Alexander van der Grinten,2017,,,,,,,
blockpuzzle_7x10_s9_free6,puzzle,Alexander van der Grinten,2017,,,,,,,
blockpuzzle_8x8_s1_free4,puzzle,Alexander van der Grinten,2017,,,,,,,
blockpuzzle_9x9_s1_free10,puzzle,Alexander van der Grinten,2017,,,,,,,
blockpuzzle_9x9_s1_free7,puzzle,Alexander van der Grinten,2017,,,,,,,
blockpuzzle_9x9_s1_free8,puzzle,Alexander van der Grinten,2017,,,,,,,
blockpuzzle_9x9_s1_free9,puzzle,Alexander van der Grinten,2017,,,,,,,
blockpuzzle_9x9_s4_free3,puzzle,Alexander van der Grinten,2017,,,,,,,
blockpuzzle_9x9_s5_free3,puzzle,Alexander van der Grinten,2017,,,,,,,
blockpuzzle_9x9_s7_free8,puzzle,Alexander van der Grinten,2017,,,,,,,
blockpuzzle_9x9_s7_free9,puzzle,Alexander van der Grinten,2017,,,,,,,
blockpuzzle_9x9_s8_free3,puzzle,Alexander van der Grinten,2017,,,,,,,
blockpuzzle_9x9_s8_free7,puzzle,Alexander van der Grinten,2017,,,,,,,
klieber2017s-0300-032-t12,crafted-cec,William Klieber,2017,,,,,,,
klieber2017s-0300-033-t12,crafted-cec,William Klieber,2017,,,,,,,
klieber2017s-0300-034-t12,crafted-cec,William Klieber,2017,,,,,,,
klieber2017s-0300-035-t12,crafted-cec,William Klieber,2017,,,,,,,
klieber2017s-0490-022-t12,crafted-cec,William Klieber,2017,,,,,,,
klieber2017s-0490-023-t12,crafted-cec,William Klieber,2017,,,,,,,
klieber2017s-0490-024-t12,crafted-cec,William Klieber,2017,,,,,,,
klieber2017s-0500-022-t12,crafted-cec,William Klieber,2017,,,,,,,
klieber2017s-0500-023-t12,crafted-cec,William Klieber,2017,,,,,,,
klieber2017s-0500-024-t12,crafted-cec,William Klieber,2017,,,,,,,
klieber2017s-1000-023-eq,crafted-cec,William Klieber,2017,,,,,,,
klieber2017s-1000-024-eq,crafted-cec,William Klieber,2017,,,,,,,
klieber2017s-1200-022-eq,crafted-cec,William Klieber,2017,,,,,,,
klieber2017s-1200-023-eq,crafted-cec,William Klieber,2017,,,,,,,
klieber2017s-1200-024-eq,crafted-cec,William Klieber,2017,,,,,,,
klieber2017s-1600-022-eq,crafted-cec,William Klieber,2017,,,,,,,
klieber2017s-1600-023-eq,crafted-cec,William Klieber,2017,,,,,,,
klieber2017s-1600-024-eq,crafted-cec,William Klieber,2017,,,,,,,
klieber2017s-2000-022-eq,crafted-cec,William Klieber,2017,,,,,,,
klieber2017s-2000-023-eq,crafted-cec,William Klieber,2017,,,,,,,
hwmcc15deep-6s105-k35,hardware-bmc,Armin Biere,2017,,,,,,,
hwmcc15deep-6s161-k17,hardware-bmc,Armin Biere,2017,,,,,,,
hwmcc15deep-6s161-k18,hardware-bmc,Armin Biere,2017,,,,,,,
hwmcc15deep-6s179-k17,hardware-bmc,Armin Biere,2017,,,,,,,
hwmcc15deep-6s188-k44,hardware-bmc,Armin Biere,2017,,,,,,,
hwmcc15deep-6s188-k46,hardware-bmc,Armin Biere,2017,,,,,,,
hwmcc15deep-6s33-k33,hardware-bmc,Armin Biere,2017,,,,,,,
hwmcc15deep-6s33-k34,hardware-bmc,Armin Biere,2017,,,,,,,
hwmcc15deep-6s340rb63-k16,hardware-bmc,Armin Biere,2017,,,,,,,
hwmcc15deep-6s340rb63-k22,hardware-bmc,Armin Biere,2017,,,,,,,
hwmcc15deep-6s341r-k16,hardware-bmc,Armin Biere,2017,,,,,,,
hwmcc15deep-6s341r-k19,hardware-bmc,Armin Biere,2017,,,,,,,
hwmcc15deep-6s366r-k72,hardware-bmc,Armin Biere,2017,,,,,,,
hwmcc15deep-6s399b02-k02,hardware-bmc,Armin Biere,2017,,,,,,,
hwmcc15deep-6s399b03-k02,hardware-bmc,Armin Biere,2017,,,,,,,
hwmcc15deep-6s44-k38,hardware-bmc,Armin Biere,2017,,,,,,,
hwmcc15deep-6s44-k40,hardware-bmc,Armin Biere,2017,,,,,,,
hwmcc15deep-6s516r-k17,hardware-bmc,Armin Biere,2017,,,,,,,
hwmcc15deep-6s516r-k18,hardware-bmc,Armin Biere,2017,,,,,,,
hwmcc15deep-beembkry8b1-k45,hardware-bmc,Armin Biere,2017,,,,,,,
hwmcc15deep-beemcmbrdg7f2-k32,hardware-bmc,Armin Biere,2017,,,,,,,
hwmcc15deep-beemfwt4b1-k48,hardware-bmc,Armin Biere,2017,,,,,,,
hwmcc15deep-beemhanoi4b1-k32,hardware-bmc,Armin Biere,2017,,,,,,,
hwmcc15deep-beemhanoi4b1-k37,hardware-bmc,Armin Biere,2017,,,,,,,
hwmcc15deep-beemlifts3b1-k29,hardware-bmc,Armin Biere,2017,,,,,,,
hwmcc15deep-beemloyd3b1-k31,hardware-bmc,Armin Biere,2017,,,,,,,
hwmcc15deep-bob12s02-k16,hardware-bmc,Armin Biere,2017,,,,,,,
hwmcc15deep-bob12s02-k17,hardware-bmc,Armin Biere,2017,,,,,,,
hwmcc15deep-bobpcihm-k30,hardware-bmc,Armin Biere,2017,,,,,,,
hwmcc15deep-bobpcihm-k31,hardware-bmc,Armin Biere,2017,,,,,,,
hwmcc15deep-bobpcihm-k32,hardware-bmc,Armin Biere,2017,,,,,,,
hwmcc15deep-bobpcihm-k33,hardware-bmc,Armin Biere,2017,,,,,,,
hwmcc15deep-intel032-k84,hardware-bmc,Armin Biere,2017,,,,,,,
hwmcc15deep-intel065-k11,hardware-bmc,Armin Biere,2017,,,,,,,
hwmcc15deep-intel066-k10,hardware-bmc,Armin Biere,2017,,,,,,,
hwmcc15deep-oski15a10b06s-k24,hardware-bmc,Armin Biere,2017,,,,,,,
hwmcc15deep-oski15a10b08s-k23,hardware-bmc,Armin Biere,2017,,,,,,,
hwmcc15deep-oski15a10b10s-k20,hardware-bmc,Armin Biere,2017,,,,,,,
hwmcc15deep-oski15a10b10s-k22,hardware-bmc,Armin Biere,2017,,,,,,,
hwmcc15deep-oski15a14b04s-k16,hardware-bmc,Armin Biere,2017,,,,,,,
hwmcc15deep-oski15a14b30s-k24,hardware-bmc,Armin Biere,2017,,,,,,,
9_1,unclassified,Seongsoo Moon,2017,,,,,,,
9_11,unclassified,Seongsoo Moon,2017,,,,,,,
9_12,unclassified,Seongsoo Moon,2017,,,,,,,
9_14,unclassified,Seongsoo Moon,2017,,,,,,,
9_19,unclassified,Seongsoo Moon,2017,,,,,,,
9_21,unclassified,Seongsoo Moon,2017,,,,,,,
9_22,unclassified,Seongsoo Moon,2017,,,,,,,
9_24,unclassified,Seongsoo Moon,2017,,,,,,,
9_25,unclassified,Seongsoo Moon,2017,,,,,,,
9_27,unclassified,Seongsoo Moon,2017,,,,,,,
9_29,unclassified,Seongsoo Moon,2017,,,,,,,
9_3,unclassified,Seongsoo Moon,2017,,,,,,,
9_31,unclassified,Seongsoo Moon,2017,,,,,,,
9_34,unclassified,Seongsoo Moon,2017,,,,,,,
9_38,unclassified,Seongsoo Moon,2017,,,,,,,
9_4,unclassified,Seongsoo Moon,2017,,,,,,,
9_44,unclassified,Seongsoo Moon,2017,,,,,,,
9_49,unclassified,Seongsoo Moon,2017,,,,,,,
9_50,unclassified,Seongsoo Moon,2017,,,,,,,
9_9,unclassified,Seongsoo Moon,2017,,,,,,,
T1.2.1,unclassified,Ludovic Le Frioux,2017,,,,,,,
T100.2.0,unclassified,Ludovic Le Frioux,2017,,,,,,,
T101.2.0,unclassified,Ludovic Le Frioux,2017,,,,,,,
T102.2.1,unclassified,Ludovic Le Frioux,2017,,,,,,,
T103.2.1,unclassified,Ludovic Le Frioux,2017,,,,,,,
T104.1.0,unclassified,Ludovic Le Frioux,2017,,,,,,,
T105.2.1,unclassified,Ludovic Le Frioux,2017,,,,,,,
T106.2.0,unclassified,Ludovic Le Frioux,2017,,,,,,,
T108.2.1,unclassified,Ludovic Le Frioux,2017,,,,,,,
T109.2.0,unclassified,Ludovic Le Frioux,2017,,,,,,,
T110.2.1,unclassified,Ludovic Le Frioux,2017,,,,,,,
T112.1.0,unclassified,Ludovic Le Frioux,2017,,,,,,,
T118.2.1,unclassified,Ludovic Le Frioux,2017,,,,,,,
T122.1.0,unclassified,Ludovic Le Frioux,2017,,,,,,,
T124.2.0,unclassified,Ludovic Le Frioux,2017,,,,,,,
T124.2.1,unclassified,Ludovic Le Frioux,2017,,,,,,,
T133.2.1,unclassified,Ludovic Le Frioux,2017,,,,,,,
T135.1.1,unclassified,Ludovic Le Frioux,2017,,,,,,,
T141.1.0,unclassified,Ludovic Le Frioux,2017,,,,,,,
T154.1.0,unclassified,Ludovic Le Frioux,2017,,,,,,,
T155.1.0,unclassified,Ludovic Le Frioux,2017,,,,,,,
T169.1.0,unclassified,Ludovic Le Frioux,2017,,,,,,,
T169.2.0,unclassified,Ludovic Le Frioux,2017,,,,,,,
T49.2.0,unclassified,Ludovic Le Frioux,2017,,,,,,,
T50.2.0,unclassified,Ludovic Le Frioux,2017,,,,,,,
T55.2.0,unclassified,Ludovic Le Frioux,2017,,,,,,,
T58.2.0,unclassified,Ludovic Le Frioux,2017,,,,,,,
T65.2.0,unclassified,Ludovic Le Frioux,2017,,,,,,,
T65.2.1,unclassified,Ludovic Le Frioux,2017,,,,,,,
T75.2.0,unclassified,Ludovic Le Frioux,2017,,,,,,,
T81.2.1,unclassified,Ludovic Le Frioux,2017,,,,,,,
T83.2.1,unclassified,Ludovic Le Frioux,2017,,,,,,,
T85.2.1,unclassified,Ludovic Le Frioux,2017,,,,,,,
T88.2.1,unclassified,Ludovic Le Frioux,2017,,,,,,,
T89.2.1,unclassified,Ludovic Le Frioux,2017,,,,,,,
T93.2.1,unclassified,Ludovic Le Frioux,2017,,,,,,,
T96.1.1,unclassified,Ludovic Le Frioux,2017,,,,,,,
T97.2.1,unclassified,Ludovic Le Frioux,2017,,,,,,,
T99.2.0,unclassified,Ludovic Le Frioux,2017,,,,,,,
T99.2.1,unclassified,Ludovic Le Frioux,2017,,,,,,,
bsat180-648,balanced,Ivor Spence,2017,,,,,,,
bsat192-689,balanced,Ivor Spence,2017,,,,,,,
bsat201-707,balanced,Ivor Spence,2017,,,,,,,
bsat210-739,balanced,Ivor Spence,2017,,,,,,,
ps_5000_21250_3_0_0.6_0_1.45_0,popularity,Jordi Levy,2017,,,,,,,
ps_5000_21250_3_0_0.6_0_1.45_2,popularity,Jordi Levy,2017,,,,,,,
ps_5000_21250_3_0_0.6_0_1.45_4,popularity,Jordi Levy,2017,,,,,,,
ps_5000_21250_3_0_0.6_0_1.45_6,popularity,Jordi Levy,2017,,,,,,,
ps_5000_21250_3_0_0.6_0_1.45_8,popularity,Jordi Levy,2017,,,,,,,
ps_5000_21250_3_0_0.6_0_1.50_0,popularity,Jordi Levy,2017,,,,,,,
ps_5000_21250_3_0_0.6_0_1.50_2,popularity,Jordi Levy,2017,,,,,,,
ps_5000_21250_3_0_0.6_0_1.50_4,popularity,Jordi Levy,2017,,,,,,,
ps_5000_21250_3_0_0.6_0_1.50_6,popularity,Jordi Levy,2017,,,,,,,
ps_5000_21250_3_0_0.6_0_1.50_8,popularity,Jordi Levy,2017,,,,,,,
ps_5000_21250_3_0_0.7_0_1.45_0,popularity,Jordi Levy,2017,,,,,,,
ps_5000_21250_3_0_0.7_0_1.45_2,popularity,Jordi Levy,2017,,,,,,,
ps_5000_21250_3_0_0.7_0_1.45_4,popularity,Jordi Levy,2017,,,,,,,
ps_5000_21250_3_0_0.7_0_1.45_6,popularity,Jordi Levy,2017,,,,,,,
ps_5000_21250_3_0_0.7_0_1.45_8,popularity,Jordi Levy,2017,,,,,,,
ps_5000_21250_3_0_0.7_0_1.50_0,popularity,Jordi Levy,2017,,,,,,,
ps_5000_21250_3_0_0.7_0_1.50_2,popularity,Jordi Levy,2017,,,,,,,
ps_5000_21250_3_0_0.7_0_1.50_4,popularity,Jordi Levy,2017,,,,,,,
ps_5000_21250_3_0_0.7_0_1.50_6,popularity,Jordi Levy,2017,,,,,,,
ps_5000_21250_3_0_0.7_0_1.50_8,popularity,Jordi Levy,2017,,,,,,,
ps_5000_21250_3_0_0.8_0_1.50_0,popularity,Jordi Levy,2017,,,,,,,
ps_5000_21250_3_0_0.8_0_1.50_2,popularity,Jordi Levy,2017,,,,,,,
ps_5000_21250_3_0_0.8_0_1.50_4,popularity,Jordi Levy,2017,,,,,,,
ps_5000_21250_3_0_0.8_0_1.50_6,popularity,Jordi Levy,2017,,,,,,,
ps_5000_21250_3_0_0.8_0_1.50_8,popularity,Jordi Levy,2017,,,,,,,
ps_5000_21250_3_0_0.8_0_1.55_0,popularity,Jordi Levy,2017,,,,,,,
ps_5000_21250_3_0_0.8_0_1.55_2,popularity,Jordi Levy,2017,,,,,,,
ps_5000_21250_3_0_0.8_0_1.55_4,popularity,Jordi Levy,2017,,,,,,,
ps_5000_21250_3_0_0.8_0_1.55_6,popularity,Jordi Levy,2017,,,,,,,
ps_5000_21250_3_0_0.8_0_1.55_8,popularity,Jordi Levy,2017,,,,,,,
ps_5000_21250_3_0_0.8_0_1.60_0,popularity,Jordi Levy,2017,,,,,,,
ps_5000_21250_3_0_0.8_0_1.60_2,popularity,Jordi Levy,2017,,,,,,,
ps_5000_21250_3_0_0.8_0_1.60_4,popularity,Jordi Levy,2017,,,,,,,
ps_5000_21250_3_0_0.8_0_1.60_6,popularity,Jordi Levy,2017,,,,,,,
ps_5000_21250_3_0_0.8_0_1.60_8,popularity,Jordi Levy,2017,,,,,,,
ps_5000_21250_3_0_0.8_0_1.70_0,popularity,Jordi Levy,2017,,,,,,,
ps_5000_21250_3_0_0.8_0_1.70_2,popularity,Jordi Levy,2017,,,,,,,
ps_5000_21250_3_0_0.8_0_1.70_4,popularity,Jordi Levy,2017,,,,,,,
ps_5000_21250_3_0_0.8_0_1.70_6,popularity,Jordi Levy,2017,,,,,,,
ps_5000_21250_3_0_0.8_0_1.70_8,popularity,Jordi Levy,2017,,,,,,,
qpr-bmp280-driver-14,software-bmc,Markus Iser,2017,,,,,,,
qpr-bmp280-driver-5,software-bmc,Markus Iser,2017,,,,,,,
rubikcube012,puzzle,Jingchao Chen,2017,,,,,,,
rubikcube031,puzzle,Jingchao Chen,2017,,,,,,,
rubikcube101,puzzle,Jingchao Chen,2017,,,,,,,
rubikcube120,puzzle,Jingchao Chen,2017,,,,,,,
rubikcube212,puzzle,Jingchao Chen,2017,,,,,,,
rubikcube220,puzzle,Jingchao Chen,2017,,,,,,,
rubikcube301,puzzle,Jingchao Chen,2017,,,,,,,
rubikcube312,puzzle,Jingchao Chen,2017,,,,,,,
rubikcube401,puzzle,Jingchao Chen,2017,,,,,,,
rubikcube420,puzzle,Jingchao Chen,2017,,,,,,,
rubikcube512,puzzle,Jingchao Chen,2017,,,,,,,
rubikcube520,puzzle,Jingchao Chen,2017,,,,,,,
rubikcube601,puzzle,Jingchao Chen,2017,,,,,,,
rubikcube612,puzzle,Jingchao Chen,2017,,,,,,,
rubikcube701,puzzle,Jingchao Chen,2017,,,,,,,
rubikcube720,puzzle,Jingchao Chen,2017,,,,,,,
rubikcube812,puzzle,Jingchao Chen,2017,,,,,,,
rubikcube820,puzzle,Jingchao Chen,2017,,,,,,,
rubikcube901,puzzle,Jingchao Chen,2017,,,,,,,
rubikcube912,puzzle,Jingchao Chen,2017,,,,,,,
squ_ali_s10x10_c39_abio_SAT,cardinality-constraints,Wynn,2017,,,,,,,
squ_ali_s10x10_c39_abix_SAT,cardinality-constraints,Wynn,2017,,,,,,,
squ_ali_s10x10_c39_bail_SAT,cardinality-constraints,Wynn,2017,,,,,,,
squ_ali_s10x10_c39_sinx_SAT,cardinality-constraints,Wynn,2017,,,,,,,
squ_ali_s10x10_c39_sinz_SAT,cardinality-constraints,Wynn,2017,,,,,,,
squ_any_s09x07_c27_abio_UNS,cardinality-constraints,Wynn,2017,,,,,,,
squ_any_s09x07_c27_abix_UNS,cardinality-constraints,Wynn,2017,,,,,,,
squ_any_s09x07_c27_bail_UNS,cardinality-constraints,Wynn,2017,,,,,,,
squ_any_s09x07_c27_sinx_UNS,cardinality-constraints,Wynn,2017,,,,,,,
squ_any_s09x07_c27_sinz_UNS,cardinality-constraints,Wynn,2017,,,,,,,
tri_ali_s11_c35_abio_UNS,cardinality-constraints,Wynn,2017,,,,,,,
tri_ali_s11_c35_abix_UNS,cardinality-constraints,Wynn,2017,,,,,,,
tri_ali_s11_c35_bail_UNS,cardinality-constraints,Wynn,2017,,,,,,,
tri_ali_s11_c35_sinx_UNS,cardinality-constraints,Wynn,2017,,,,,,,
tri_ali_s11_c35_sinz_UNS,cardinality-constraints,Wynn,2017,,,,,,,
sdiv15prop,bitvector,Armin Biere,2018,,,,,,,
sdiv16prop,bitvector,Armin Biere,2018,,,,,,,
sdiv17prop,bitvector,Armin Biere,2018,,,,,,,
sdiv20prop,bitvector,Armin Biere,2018,,,,,,,
sdiv25prop,bitvector,Armin Biere,2018,,,,,,,
sdiv30prop,bitvector,Armin Biere,2018,,,,,,,
sdiv40prop,bitvector,Armin Biere,2018,,,,,,,
udiv35prop,bitvector,Armin Biere,2018,,,,,,,
udiv40prop,bitvector,Armin Biere,2018,,,,,,,
udiv45prop,bitvector,Armin Biere,2018,,,,,,,
udiv46prop,bitvector,Armin Biere,2018,,,,,,,
udiv47prop,bitvector,Armin Biere,2018,,,,,,,
udiv48prop,bitvector,Armin Biere,2018,,,,,,,
uniqinv20prop,bitvector,Armin Biere,2018,,,,,,,
uniqinv25prop,bitvector,Armin Biere,2018,,,,,,,
uniqinv30prop,bitvector,Armin Biere,2018,,,,,,,
uniqinv40prop,bitvector,Armin Biere,2018,,,,,,,
uniqinv45prop,bitvector,Armin Biere,2018,,,,,,,
uniqinv46prop,bitvector,Armin Biere,2018,,,,,,,
uniqinv47prop,bitvector,Armin Biere,2018,,,,,,,
ecarev-110-1031-23-40-1,reversing-cellular-automata,Jannis Harder,2018,,,,,,,
ecarev-110-1031-23-40-2,reversing-cellular-automata,Jannis Harder,2018,,,,,,,
ecarev-110-1031-23-40-3,reversing-cellular-automata,Jannis Harder,2018,,,,,,,
ecarev-110-1031-23-40-5,reversing-cellular-automata,Jannis Harder,2018,,,,,,,
ecarev-110-1031-23-40-6,reversing-cellular-automata,Jannis Harder,2018,,,,,,,
ecarev-110-1031-23-40-7,reversing-cellular-automata,Jannis Harder,2018,,,,,,,
ecarev-110-1031-23-40-8,reversing-cellular-automata,Jannis Harder,2018,,,,,,,
ecarev-110-4099-22-30-2,reversing-cellular-automata,Jannis Harder,2018,,,,,,,
ecarev-110-4099-22-30-4,reversing-cellular-automata,Jannis Harder,2018,,,,,,,
ecarev-110-4099-22-30-5,reversing-cellular-automata,Jannis Harder,2018,,,,,,,
ecarev-110-4099-22-30-7,reversing-cellular-automata,Jannis Harder,2018,,,,,,,
